text,cluster
"what is the best website to hire a freelance web developer",category
"where can I find a reliable Python developer for a short project",category
"best place to hire a mobile app developer",category
"how do I hire a freelance AI engineer",category
"where can I find someone to fix bugs in an existing React application",use_case
"I need a developer to build an MVP on a limited budget",use_case
"what is the best platform for hiring a freelance graphic designer",category
"where can I hire a logo designer for a small business",category
"how do I find a good UX designer for a SaaS product",use_case
"I need someone to create a pitch deck this week",use_case
"best websites for hiring freelance writers",category
"where can I find a technical writer who understands software",category
"how do I hire an editor for a business report",use_case
"I need a copywriter for a landing page and email campaign",use_case
"what is the best platform to hire a freelance digital marketer",category
"where can I hire an SEO specialist for a small business",category
"how do I find someone to manage Google Ads",use_case
"I need a social media manager for ten hours a week",use_case
"best place to hire a virtual assistant",category
"where can I find a freelance bookkeeper",category
"how do I hire someone for ongoing data entry work",use_case
"I need a researcher to collect and summarize market data",use_case
"Upwork vs Fiverr for hiring a freelancer",comparison
"Upwork vs Toptal for hiring software developers",comparison
"is Upwork good for hiring long-term freelance help",branded
"what are the best alternatives to Upwork for hiring freelancers",branded
"Fiverr vs Freelancer.com for business projects",comparison
"should I use a freelance marketplace or an agency",comparison
"how much does it cost to hire a freelance developer online",category
"how can I avoid hiring the wrong freelancer",use_case
